User ID,Series ID,Genre,Series Name,Date Uploaded,Runtime (min),Most Watched Weekday,Series Language,Country,State,Male Main Character,Female Main Character,Director,Rating,Total Views,Total Likes,Membership Taken
U744153,SER00057,Thriller,Forbidden Hours,2023-04-20,64,Monday,Hindi,France,Ile-de-France,Pierre,Aisha,Raj Kapoor,7.1,285324,198950,1 month
U168433,SER00014,Romance,Eternal Night,2022-11-02,72,Thursday,English,India,Maharashtra,Sven,Sofia,Claire Denis,8.8,447993,245162,1 month
U530788,SER00053,Horror,Golden Path,2023-05-31,68,Thursday,Japanese,USA,California,Sven,Sofia,Kathryn Bigelow,3.6,226511,153511,1 month
U248442,SER00075,Sci-Fi,Broken Promise,2024-04-05,77,Sunday,Japanese,USA,California,Alexei,Sofia,Pedro Almodóvar,7.7,105693,103198,1 month
U230438,SER00048,Action,Hidden Heirs,2024-08-05,40,Monday,French,Brazil,New York,Alexei,Olga,Claire Denis,4.3,228018,155043,1 month
U385229,SER00005,Documentary,Dark Genesis,2024-09-10,58,Friday,Mandarin,UK,Texas,James,Anna,Anurag Kashyap,3.7,407714,183844,1 year
U371814,SER00079,Documentary,Splendid Lies,2023-04-01,47,Tuesday,Hindi,Spain,Madrid,Sven,Anna,Claire Denis,6.2,171575,99730,1 year
U691314,SER00008,Thriller,Winds of Change,2022-02-06,67,Tuesday,Korean,Russia,Moscow,Hiro,Elena,Raj Kapoor,7.8,125689,85383,1 year
U719082,SER00045,Thriller,City Limits,2024-04-22,30,Monday,Hindi,Russia,Moscow,Arjun,Olga,Claire Denis,2.8,239134,140977,1 year
U594865,SER00059,Mystery,Faded Star,2024-09-25,88,Tuesday,English,Spain,Madrid,Pierre,Anna,Anurag Kashyap,9.6,341811,155407,1 year
U806922,SER00089,Mystery,Splendid Lies,2023-06-21,55,Saturday,German,Russia,Moscow,Alexei,Emma,Kathryn Bigelow,9.1,230423,101895,1 year
U970375,SER00015,Romance,Dark Genesis,2022-06-01,90,Tuesday,Japanese,USA,California,John,Yuki,Kathryn Bigelow,6.6,185348,110597,1 year
U816066,SER00083,Mystery,Neon Skies,2023-03-30,24,Monday,German,Brazil,New York,Hiro,Marie,Anurag Kashyap,2.6,27264,20653,1 month
U501287,SER00086,Drama,City Limits,2024-08-02,82,Monday,French,Japan,Tokyo,David,Julia,Greta Gerwig,9.1,205430,123699,1 year
U154405,SER00061,Action,Echoes,2022-02-24,62,Tuesday,German,UK,Texas,Sven,Emma,Claire Denis,8.8,50726,27305,1 month
U389625,SER00098,Documentary,Silver Threads,2022-03-15,48,Saturday,Japanese,India,Maharashtra,Pierre,Marta,Hayao Miyazaki,7.2,188421,95932,1 year
U525946,SER00033,Sci-Fi,Vision Quest,2022-04-08,86,Wednesday,Korean,UK,Texas,David,Anna,Pedro Almodóvar,8.7,261378,205113,1 year
U663534,SER00083,Sci-Fi,True North,2022-07-16,23,Friday,Russian,UK,Texas,Arjun,Yuki,Kathryn Bigelow,5.9,278723,175591,1 month
U626905,SER00063,Action,Echoes,2023-05-20,42,Sunday,Japanese,Canada,Ontario,David,Marie,Martin Scorsese,5.4,277765,215948,1 year
U303222,SER00012,Romance,Faded Star,2024-01-25,62,Wednesday,Japanese,USA,California,Sven,Anna,Martin Scorsese,8.7,368654,306064,1 year
U720058,SER00046,Drama,Lost Spirits,2022-04-17,42,Sunday,Portuguese,Brazil,New York,Lucas,Anna,Claire Denis,4.2,223862,164272,1 month
U575019,SER00076,Comedy,True North,2024-08-17,27,Sunday,Portuguese,Japan,Tokyo,Carlos,Olga,Martin Scorsese,3.5,13103,5986,1 month
U133805,SER00026,Romance,Splendid Lies,2022-02-16,77,Tuesday,Russian,UK,Texas,Pierre,Marie,Martin Scorsese,6.6,365310,165898,1 month
U524315,SER00092,Horror,Silver Threads,2023-12-04,47,Sunday,French,India,Maharashtra,Arjun,Olga,Steven Spielberg,9.3,169571,118025,1 month
U877879,SER00035,Romance,Dark Genesis,2024-08-06,81,Sunday,Portuguese,Russia,Moscow,David,Sofia,Kathryn Bigelow,6.8,255067,199357,1 month
U228864,SER00078,Comedy,Neon Skies,2024-09-01,54,Thursday,Mandarin,Brazil,New York,Lucas,Emma,Martin Scorsese,5.4,211963,198071,1 month
U695512,SER00040,Thriller,Hidden Heirs,2023-12-25,43,Saturday,English,Brazil,New York,Alexei,Sofia,Greta Gerwig,7.4,390792,291716,1 month
U375130,SER00084,Drama,Winds of Change,2023-01-05,79,Thursday,Korean,Russia,Moscow,Carlos,Olga,Raj Kapoor,5.3,347903,147482,1 month
U908059,SER00013,Sci-Fi,Splendid Lies,2023-03-10,24,Thursday,Hindi,India,Maharashtra,Pierre,Emma,Steven Spielberg,4.3,463240,306948,1 year
U375474,SER00017,Drama,Faded Star,2023-09-18,55,Sunday,Mandarin,Germany,Berlin,Sven,Marta,Anurag Kashyap,6.6,64642,34463,1 month
U581193,SER00082,Thriller,Infinite Maze,2024-02-29,70,Sunday,Korean,Canada,Ontario,Pierre,Julia,Claire Denis,3.9,272913,201147,1 year
U225574,SER00078,Thriller,Splendid Lies,2023-10-16,60,Monday,Japanese,Japan,Tokyo,Carlos,Yuki,Wong Kar-wai,6.0,249029,109606,1 year
U771536,SER00022,Romance,Prime Suspect,2022-02-14,77,Sunday,French,Russia,Moscow,Alexei,Julia,Hayao Miyazaki,6.6,295369,189641,1 year
U190197,SER00043,Romance,Neon Skies,2022-03-05,24,Friday,Korean,India,Maharashtra,Hiro,Olga,Martin Scorsese,9.1,61802,53396,1 month
U957715,SER00082,Fantasy,Faded Star,2022-08-17,46,Saturday,Korean,USA,California,Arjun,Yuki,Kathryn Bigelow,9.7,19395,9606,1 year
U637912,SER00046,Drama,Vision Quest,2022-11-07,75,Tuesday,Korean,India,Maharashtra,John,Marta,Steven Spielberg,7.3,365716,217256,1 year
U624402,SER00036,Sci-Fi,Prime Suspect,2023-10-23,90,Wednesday,Korean,Japan,Tokyo,Carlos,Julia,Raj Kapoor,7.9,337028,246372,1 year
U622347,SER00066,Thriller,Silent Streets,2024-02-10,40,Wednesday,English,Japan,Tokyo,Alexei,Aisha,Claire Denis,6.7,360756,253512,1 year
U903909,SER00036,Thriller,Hidden Heirs,2022-11-16,59,Saturday,German,Canada,Ontario,Pierre,Olga,Steven Spielberg,3.9,127408,95617,1 year
U613795,SER00041,Comedy,Vision Quest,2024-08-25,32,Saturday,Korean,Russia,Moscow,John,Marie,Hayao Miyazaki,5.7,15825,12252,1 year
U681047,SER00031,Romance,Quantum Leap,2024-05-10,31,Thursday,Korean,France,Ile-de-France,David,Sofia,Claire Denis,5.6,453219,271248,1 year
U217298,SER00057,Drama,Splendid Lies,2023-04-11,49,Wednesday,German,Brazil,New York,Sven,Elena,Steven Spielberg,8.7,251196,218919,1 year
U580092,SER00093,Action,Quantum Leap,2022-06-28,78,Wednesday,English,Spain,Madrid,David,Anna,Martin Scorsese,8.8,227887,102190,1 year
U390427,SER00036,Sci-Fi,Vision Quest,2022-06-05,26,Tuesday,German,India,Maharashtra,Pierre,Yuki,Kathryn Bigelow,3.9,85075,77200,1 month
U768783,SER00003,Documentary,Infinite Maze,2023-11-06,67,Tuesday,Hindi,France,Ile-de-France,Hiro,Anna,Hayao Miyazaki,5.3,491782,293688,1 year
U590244,SER00064,Documentary,Infinite Maze,2022-10-05,24,Friday,German,Russia,Moscow,Carlos,Olga,Wong Kar-wai,5.8,283279,147986,1 month
U581589,SER00037,Romance,Crimson Empire,2023-01-15,45,Friday,Spanish,France,Ile-de-France,Sven,Julia,Steven Spielberg,5.4,151459,139176,1 year
U153816,SER00086,Mystery,Shadows Within,2023-05-28,63,Tuesday,German,Germany,Berlin,James,Anna,Hayao Miyazaki,7.5,74412,58416,1 month
U984332,SER00025,Horror,Forbidden Hours,2023-10-03,30,Thursday,Spanish,USA,California,James,Olga,Kathryn Bigelow,5.9,239794,96377,1 year
U316487,SER00005,Action,Golden Path,2022-07-04,85,Friday,Russian,USA,California,John,Marie,Steven Spielberg,7.4,60234,44820,1 year
U748203,SER00094,Drama,Dark Genesis,2023-08-28,33,Wednesday,Portuguese,UK,Texas,Carlos,Olga,Claire Denis,5.6,474301,381506,1 year
U805921,SER00016,Sci-Fi,Eternal Night,2022-09-09,87,Thursday,German,Spain,Madrid,Pierre,Sofia,Hayao Miyazaki,3.4,136623,82931,1 year
U621023,SER00009,Fantasy,Iron Will,2022-05-10,76,Sunday,Russian,UK,Texas,Arjun,Aisha,Raj Kapoor,6.0,35497,27163,1 year
U804880,SER00027,Drama,Golden Path,2022-05-13,85,Tuesday,Portuguese,India,Maharashtra,Sven,Julia,Martin Scorsese,3.5,353436,182951,1 year
U369722,SER00041,Sci-Fi,Last Stand,2024-02-08,46,Thursday,English,Russia,Moscow,Arjun,Olga,Greta Gerwig,6.0,298244,206616,1 month
U390105,SER00019,Horror,Shadows Within,2022-07-23,53,Tuesday,Japanese,Germany,Berlin,Sven,Yuki,Pedro Almodóvar,4.8,110612,94071,1 year
U544015,SER00061,Thriller,Broken Promise,2023-01-24,43,Thursday,German,Japan,Tokyo,Pierre,Anna,Anurag Kashyap,7.6,124901,55805,1 month
U686106,SER00028,Documentary,Golden Path,2022-05-16,41,Sunday,Spanish,Japan,Tokyo,Sven,Elena,Claire Denis,5.5,295357,285466,1 year
U963271,SER00062,Comedy,Last Stand,2024-08-03,87,Thursday,Spanish,USA,California,Sven,Julia,Pedro Almodóvar,3.6,312577,149863,1 month
U553312,SER00058,Romance,Prime Suspect,2022-03-27,25,Monday,French,India,Maharashtra,Hiro,Emma,Claire Denis,8.2,128941,121017,1 year
U718556,SER00059,Mystery,Hidden Heirs,2024-09-19,69,Saturday,Portuguese,Japan,Tokyo,Hiro,Yuki,Martin Scorsese,8.7,296641,136915,1 year
U488519,SER00096,Thriller,Hidden Heirs,2024-02-11,90,Monday,Hindi,Brazil,New York,John,Yuki,Claire Denis,8.1,83272,67339,1 year
U178375,SER00052,Action,Quantum Leap,2022-07-18,64,Wednesday,Mandarin,India,Maharashtra,Lucas,Aisha,Wong Kar-wai,4.3,55906,28832,1 year
U202154,SER00038,Mystery,Iron Will,2022-10-17,49,Thursday,Portuguese,Russia,Moscow,Carlos,Elena,Raj Kapoor,9.2,472425,433328,1 month
U695088,SER00099,Romance,Last Stand,2024-02-10,90,Wednesday,French,Spain,Madrid,Sven,Yuki,Greta Gerwig,5.0,154948,113785,1 year
U705314,SER00050,Documentary,Forbidden Hours,2023-10-06,38,Wednesday,Russian,Brazil,New York,Alexei,Marie,Wong Kar-wai,8.5,312730,268924,1 year
U871688,SER00041,Thriller,Forbidden Hours,2024-01-22,77,Wednesday,Korean,France,Ile-de-France,Arjun,Sofia,Martin Scorsese,4.4,498603,211480,1 year
U215145,SER00099,Comedy,Neon Skies,2023-09-28,79,Thursday,Japanese,France,Ile-de-France,Hiro,Marta,Kathryn Bigelow,3.5,189069,87710,1 month
U992454,SER00009,Documentary,Iron Will,2023-01-12,72,Tuesday,Portuguese,UK,Texas,Lucas,Aisha,Martin Scorsese,8.9,254645,221228,1 year
U735474,SER00063,Documentary,Broken Promise,2022-01-30,40,Saturday,English,India,Maharashtra,Hiro,Aisha,Raj Kapoor,3.9,175319,136924,1 year
U961625,SER00048,Sci-Fi,Prime Suspect,2023-04-23,64,Saturday,Spanish,USA,California,Arjun,Olga,Kathryn Bigelow,6.0,323881,232050,1 month
U715239,SER00028,Comedy,Winds of Change,2024-07-21,84,Sunday,Portuguese,Japan,Tokyo,Arjun,Aisha,Greta Gerwig,3.6,80767,69869,1 month
U534775,SER00049,Comedy,Dark Genesis,2023-06-12,32,Saturday,Japanese,USA,California,John,Elena,Raj Kapoor,7.2,307387,173480,1 month
U730990,SER00075,Sci-Fi,Secret Codes,2022-03-30,33,Monday,Korean,USA,California,Lucas,Anna,Claire Denis,6.4,438549,232010,1 month
U313669,SER00020,Action,True North,2022-01-05,49,Wednesday,Portuguese,Germany,Berlin,Lucas,Olga,Greta Gerwig,2.1,379673,274131,1 year
U775916,SER00066,Sci-Fi,Lost Spirits,2023-06-16,37,Thursday,Hindi,UK,Texas,Pierre,Sofia,Kathryn Bigelow,5.2,204450,125677,1 month
U472803,SER00010,Mystery,Iron Will,2022-05-12,86,Tuesday,Hindi,France,Ile-de-France,Lucas,Sofia,Anurag Kashyap,6.2,434901,384098,1 month
U150878,SER00071,Drama,Silver Threads,2022-02-25,84,Tuesday,Hindi,India,Maharashtra,Carlos,Julia,Greta Gerwig,2.0,186087,105411,1 month
U561465,SER00091,Horror,Forbidden Hours,2024-02-04,42,Monday,French,Brazil,New York,Sven,Emma,Kathryn Bigelow,4.6,383622,320948,1 year
U146734,SER00006,Mystery,Hidden Heirs,2024-04-25,37,Tuesday,French,USA,California,Lucas,Julia,Claire Denis,6.6,253610,196871,1 year
U741080,SER00099,Horror,Splendid Lies,2022-10-31,90,Tuesday,Russian,Russia,Moscow,John,Julia,Anurag Kashyap,7.7,260520,119946,1 year
U674507,SER00046,Mystery,Secret Codes,2022-05-06,85,Sunday,Korean,France,Ile-de-France,Arjun,Yuki,Hayao Miyazaki,7.0,270534,111588,1 month
U323442,SER00032,Horror,Forbidden Hours,2024-04-05,71,Thursday,French,Spain,Madrid,Sven,Aisha,Martin Scorsese,5.1,88076,72703,1 year
U640563,SER00041,Action,Golden Path,2023-10-06,85,Wednesday,English,Canada,Ontario,Carlos,Elena,Martin Scorsese,6.5,142955,139436,1 month
U905738,SER00055,Documentary,Silver Threads,2022-05-03,57,Friday,German,Japan,Tokyo,David,Julia,Kathryn Bigelow,4.6,431887,239130,1 year
U267948,SER00058,Thriller,True North,2023-06-07,59,Tuesday,Russian,Canada,Ontario,John,Julia,Claire Denis,8.4,383872,254526,1 year
U662983,SER00022,Mystery,Eternal Night,2022-12-17,69,Monday,English,Germany,Berlin,James,Julia,Martin Scorsese,9.0,484176,214845,1 month
U253275,SER00097,Romance,Winds of Change,2023-05-29,67,Tuesday,Mandarin,Japan,Tokyo,Lucas,Marta,Anurag Kashyap,3.4,237427,116257,1 month
U422393,SER00038,Fantasy,Splendid Lies,2022-05-12,33,Wednesday,German,Russia,Moscow,David,Marie,Wong Kar-wai,3.5,447330,380317,1 year
U751843,SER00017,Drama,Secret Codes,2024-04-25,36,Sunday,Mandarin,Germany,Berlin,David,Julia,Greta Gerwig,8.7,302980,289843,1 month
U546963,SER00037,Thriller,Silent Streets,2023-09-17,70,Thursday,Portuguese,France,Ile-de-France,Hiro,Julia,Greta Gerwig,6.4,479941,306756,1 year
U692046,SER00021,Drama,Eternal Night,2024-07-26,40,Tuesday,Hindi,India,Maharashtra,Alexei,Elena,Claire Denis,8.3,442525,264548,1 month
U899997,SER00026,Documentary,Neon Skies,2024-09-15,73,Saturday,Russian,Spain,Madrid,John,Sofia,Martin Scorsese,3.1,233001,188891,1 month
U307399,SER00080,Romance,Faded Star,2022-03-13,23,Monday,Hindi,Japan,Tokyo,Sven,Olga,Anurag Kashyap,5.8,171806,165107,1 month
U646521,SER00026,Mystery,Golden Path,2024-01-31,35,Thursday,English,Russia,Moscow,Alexei,Julia,Raj Kapoor,4.9,470119,212201,1 month
U710533,SER00046,Action,Golden Path,2024-04-25,44,Thursday,Spanish,France,Ile-de-France,David,Aisha,Anurag Kashyap,8.6,106794,89420,1 year
U733201,SER00018,Horror,Prime Suspect,2022-06-04,85,Monday,Russian,UK,Texas,Sven,Julia,Kathryn Bigelow,6.2,52354,48465,1 month
U970746,SER00004,Action,True North,2022-03-19,73,Saturday,Hindi,Brazil,New York,Arjun,Olga,Raj Kapoor,4.2,348315,235982,1 month
U456068,SER00097,Romance,Lost Spirits,2023-08-03,38,Thursday,Japanese,Spain,Madrid,Arjun,Elena,Martin Scorsese,6.9,404157,365777,1 month
U231091,SER00093,Action,Infinite Maze,2023-02-13,72,Monday,Spanish,France,Ile-de-France,Pierre,Anna,Martin Scorsese,4.9,254944,216312,1 year
U468560,SER00085,Sci-Fi,Crimson Empire,2022-11-23,26,Friday,Korean,Spain,Madrid,Carlos,Aisha,Claire Denis,3.8,404432,385231,1 month
U842089,SER00041,Romance,Prime Suspect,2022-01-21,86,Sunday,English,Canada,Ontario,Lucas,Julia,Raj Kapoor,2.6,344861,299290,1 year
U592240,SER00032,Thriller,Echoes,2022-11-14,65,Tuesday,Portuguese,Canada,Ontario,David,Yuki,Claire Denis,6.4,111839,109123,1 month
U223567,SER00020,Action,Faded Star,2022-01-12,59,Friday,German,Germany,Berlin,Pierre,Sofia,Steven Spielberg,9.2,18838,10579,1 month
U231213,SER00011,Comedy,City Limits,2023-12-07,48,Friday,German,Germany,Berlin,Hiro,Julia,Steven Spielberg,9.1,213680,167754,1 year
U554305,SER00090,Action,Prime Suspect,2024-01-27,65,Monday,Mandarin,Germany,Berlin,Arjun,Yuki,Claire Denis,7.4,313434,149949,1 month
U234386,SER00004,Romance,Forbidden Hours,2023-10-10,61,Friday,English,UK,Texas,Alexei,Julia,Martin Scorsese,2.3,335815,169678,1 year
U995961,SER00089,Drama,Crimson Empire,2023-04-12,82,Monday,Portuguese,Japan,Tokyo,David,Emma,Wong Kar-wai,2.6,150454,111895,1 month
U332127,SER00064,Comedy,Broken Promise,2023-08-14,80,Wednesday,Japanese,USA,California,Hiro,Emma,Wong Kar-wai,6.0,393318,300680,1 year
U587543,SER00085,Action,Forbidden Hours,2023-02-22,77,Wednesday,Japanese,UK,Texas,Pierre,Marta,Greta Gerwig,4.2,393694,231022,1 month
U484091,SER00081,Drama,Neon Skies,2022-08-06,25,Wednesday,Japanese,India,Maharashtra,David,Elena,Anurag Kashyap,6.2,475848,347598,1 year
U416476,SER00058,Mystery,Winds of Change,2022-10-10,57,Saturday,Spanish,Germany,Berlin,Sven,Anna,Pedro Almodóvar,4.5,383415,232294,1 year
U229601,SER00015,Sci-Fi,True North,2024-05-14,75,Monday,Hindi,France,Ile-de-France,Sven,Yuki,Raj Kapoor,5.7,65429,44712,1 year
U583383,SER00071,Comedy,Echoes,2024-06-23,36,Thursday,Korean,Japan,Tokyo,John,Julia,Raj Kapoor,9.1,369014,285666,1 month
U174169,SER00027,Horror,Golden Path,2022-09-09,69,Friday,English,Brazil,New York,Sven,Marie,Hayao Miyazaki,8.1,256982,190473,1 month
U471796,SER00061,Mystery,Winds of Change,2023-01-15,48,Saturday,Spanish,India,Maharashtra,Lucas,Emma,Kathryn Bigelow,6.3,284106,133615,1 year
U723439,SER00079,Drama,Faded Star,2024-06-23,86,Wednesday,French,Germany,Berlin,John,Anna,Steven Spielberg,2.8,155884,148162,1 month
U139510,SER00017,Action,Secret Codes,2023-12-02,78,Friday,German,USA,California,John,Yuki,Raj Kapoor,3.2,361495,296263,1 month
U524851,SER00062,Horror,Infinite Maze,2022-10-02,75,Saturday,Hindi,Germany,Berlin,Lucas,Aisha,Martin Scorsese,9.4,485163,256488,1 year
U131727,SER00066,Mystery,Iron Will,2022-01-11,43,Thursday,Spanish,Canada,Ontario,Lucas,Marta,Raj Kapoor,2.9,193519,153538,1 month
U611771,SER00083,Drama,Shadows Within,2023-11-17,52,Thursday,French,India,Maharashtra,Hiro,Julia,Greta Gerwig,7.2,364671,334139,1 year
U438282,SER00081,Documentary,Hidden Heirs,2023-05-20,86,Thursday,French,UK,Texas,James,Aisha,Kathryn Bigelow,2.1,143023,76035,1 year
U161906,SER00058,Horror,Last Stand,2023-04-22,62,Sunday,Russian,Japan,Tokyo,Arjun,Julia,Kathryn Bigelow,5.5,80522,54976,1 year
U259814,SER00003,Horror,Infinite Maze,2022-08-08,32,Sunday,Hindi,India,Maharashtra,Lucas,Aisha,Martin Scorsese,3.2,333739,282099,1 year
U286234,SER00065,Documentary,Quantum Leap,2024-06-23,82,Thursday,Russian,USA,California,David,Marie,Steven Spielberg,4.7,458024,272301,1 year
U286456,SER00031,Thriller,Hidden Heirs,2022-11-12,52,Friday,Hindi,Japan,Tokyo,Pierre,Olga,Steven Spielberg,2.4,59076,38238,1 month
U499952,SER00013,Thriller,Forbidden Hours,2022-02-13,23,Monday,Mandarin,India,Maharashtra,Hiro,Yuki,Wong Kar-wai,2.9,241979,108558,1 year
U341008,SER00037,Mystery,Lost Spirits,2022-05-14,43,Saturday,Korean,France,Ile-de-France,Sven,Julia,Pedro Almodóvar,3.1,385195,240334,1 year
U976195,SER00009,Sci-Fi,Prime Suspect,2023-07-22,69,Thursday,English,Russia,Moscow,James,Elena,Hayao Miyazaki,6.4,182553,105851,1 month
U226832,SER00089,Thriller,Lost Spirits,2023-01-10,81,Monday,French,Brazil,New York,John,Anna,Wong Kar-wai,7.2,181731,121356,1 year
U290273,SER00023,Fantasy,Winds of Change,2022-10-12,67,Friday,Japanese,Brazil,New York,David,Julia,Raj Kapoor,7.3,349121,328847,1 month
U220603,SER00061,Sci-Fi,Iron Will,2022-07-08,54,Friday,Spanish,Germany,Berlin,Pierre,Elena,Raj Kapoor,9.2,448320,359195,1 month
U789265,SER00012,Horror,Splendid Lies,2022-12-29,67,Thursday,Spanish,Russia,Moscow,John,Aisha,Anurag Kashyap,8.9,330612,232748,1 month
U272744,SER00009,Sci-Fi,Vision Quest,2023-05-12,25,Friday,German,France,Ile-de-France,John,Yuki,Claire Denis,4.5,7511,5416,1 month
U316116,SER00037,Thriller,Dark Genesis,2023-03-04,84,Monday,Japanese,Canada,Ontario,Carlos,Yuki,Martin Scorsese,3.7,495242,333321,1 year
U207849,SER00020,Romance,Broken Promise,2023-03-03,44,Tuesday,Portuguese,UK,Texas,Arjun,Yuki,Pedro Almodóvar,5.4,273965,165670,1 year
U175490,SER00080,Romance,Last Stand,2022-09-01,79,Friday,French,Germany,Berlin,Pierre,Julia,Martin Scorsese,9.7,431534,217314,1 year
U128427,SER00063,Thriller,Dark Genesis,2023-06-05,55,Tuesday,Japanese,India,Maharashtra,Alexei,Julia,Raj Kapoor,4.0,120265,113972,1 year
U813529,SER00028,Drama,Echoes,2024-02-17,88,Friday,English,Germany,Berlin,David,Olga,Martin Scorsese,2.5,70191,67733,1 year
U943662,SER00095,Fantasy,Crimson Empire,2022-07-17,69,Saturday,German,Spain,Madrid,Arjun,Anna,Steven Spielberg,5.8,407498,209045,1 month
U739710,SER00031,Romance,Crimson Empire,2022-12-30,39,Wednesday,Portuguese,France,Ile-de-France,James,Elena,Hayao Miyazaki,7.3,152660,101789,1 month
U913312,SER00098,Drama,Winds of Change,2024-06-30,25,Monday,Korean,Brazil,New York,Lucas,Emma,Martin Scorsese,8.4,443598,295228,1 year
U600468,SER00009,Thriller,Winds of Change,2024-05-06,69,Monday,Mandarin,USA,California,Arjun,Aisha,Anurag Kashyap,3.7,379302,176609,1 month
U357407,SER00048,Fantasy,Last Stand,2023-06-05,58,Sunday,Mandarin,Spain,Madrid,James,Sofia,Hayao Miyazaki,5.7,468062,193556,1 month
U390218,SER00028,Drama,Last Stand,2022-02-28,49,Sunday,Japanese,USA,California,Sven,Emma,Pedro Almodóvar,2.3,60596,32529,1 month
U616720,SER00080,Thriller,Iron Will,2023-10-24,63,Monday,Japanese,Brazil,New York,James,Sofia,Greta Gerwig,6.2,373121,269444,1 year
U885686,SER00061,Documentary,Prime Suspect,2023-04-30,36,Monday,German,Germany,Berlin,Hiro,Marta,Pedro Almodóvar,3.8,49613,25620,1 month
U768844,SER00034,Sci-Fi,Echoes,2023-03-01,71,Wednesday,Spanish,Spain,Madrid,David,Marie,Martin Scorsese,9.5,484961,392668,1 month
U174424,SER00053,Fantasy,Crimson Empire,2023-10-01,40,Thursday,French,France,Ile-de-France,James,Anna,Claire Denis,4.0,341403,333807,1 year
U174407,SER00050,Thriller,Infinite Maze,2022-03-27,33,Tuesday,German,Spain,Madrid,Lucas,Sofia,Wong Kar-wai,8.4,348704,159688,1 month
U542418,SER00075,Fantasy,Silent Streets,2023-03-17,67,Thursday,Korean,Germany,Berlin,Lucas,Elena,Greta Gerwig,8.0,235744,114167,1 year
U540632,SER00070,Drama,Secret Codes,2022-03-04,56,Wednesday,Korean,India,Maharashtra,Hiro,Julia,Raj Kapoor,9.5,240739,110834,1 year
U385912,SER00041,Action,Dark Genesis,2022-05-08,64,Saturday,Japanese,France,Ile-de-France,Pierre,Julia,Greta Gerwig,2.7,283466,239793,1 year
U707151,SER00092,Comedy,True North,2022-09-30,44,Sunday,English,USA,California,David,Julia,Raj Kapoor,3.5,488542,457314,1 month
U172469,SER00023,Horror,Splendid Lies,2023-12-25,43,Sunday,Spanish,India,Maharashtra,James,Olga,Pedro Almodóvar,6.5,152324,65601,1 year
U456253,SER00088,Thriller,Neon Skies,2023-09-05,28,Thursday,Portuguese,Spain,Madrid,John,Sofia,Martin Scorsese,7.0,125132,82540,1 month
U313411,SER00034,Romance,Hidden Heirs,2023-11-04,69,Thursday,French,Japan,Tokyo,David,Sofia,Pedro Almodóvar,7.5,309959,157955,1 month
U729901,SER00062,Thriller,Vision Quest,2023-01-06,28,Tuesday,Portuguese,Brazil,New York,Lucas,Elena,Claire Denis,7.2,95653,70752,1 month
U269165,SER00049,Documentary,True North,2022-12-02,78,Wednesday,Russian,France,Ile-de-France,Carlos,Marta,Claire Denis,8.5,490449,290315,1 year
U562197,SER00097,Drama,Hidden Heirs,2023-08-16,41,Wednesday,Russian,Japan,Tokyo,Pierre,Elena,Martin Scorsese,3.5,16044,10930,1 month
U939744,SER00036,Romance,Broken Promise,2022-09-28,62,Sunday,Korean,France,Ile-de-France,John,Julia,Claire Denis,7.0,388281,311495,1 month
U971072,SER00044,Fantasy,Broken Promise,2022-06-13,27,Wednesday,Korean,Germany,Berlin,Lucas,Sofia,Steven Spielberg,4.7,454259,331076,1 year
U539736,SER00092,Drama,City Limits,2023-09-23,29,Tuesday,Portuguese,Canada,Ontario,Arjun,Aisha,Raj Kapoor,8.8,10735,10386,1 month
U953848,SER00038,Sci-Fi,Echoes,2023-05-10,24,Saturday,Japanese,USA,California,David,Julia,Kathryn Bigelow,5.6,435505,290581,1 year
U338177,SER00037,Fantasy,Lost Spirits,2023-04-15,43,Friday,Portuguese,USA,California,John,Anna,Claire Denis,2.7,359529,167827,1 month
U815354,SER00025,Drama,Golden Path,2023-04-06,46,Wednesday,French,Japan,Tokyo,Sven,Marta,Kathryn Bigelow,5.3,190113,181413,1 year
U888160,SER00017,Sci-Fi,Infinite Maze,2022-02-23,83,Friday,German,Canada,Ontario,Sven,Marta,Wong Kar-wai,8.7,339563,161537,1 year
U976584,SER00094,Mystery,Crimson Empire,2024-06-24,68,Wednesday,Spanish,Japan,Tokyo,Arjun,Yuki,Greta Gerwig,4.9,411512,330707,1 year
U952226,SER00077,Romance,Prime Suspect,2024-05-12,84,Sunday,English,Brazil,New York,John,Sofia,Wong Kar-wai,9.3,151854,135970,1 month
U166708,SER00083,Sci-Fi,Dark Genesis,2022-08-24,35,Saturday,English,USA,California,Lucas,Anna,Anurag Kashyap,4.3,20374,19288,1 year
U307541,SER00037,Drama,Eternal Night,2023-03-25,55,Monday,English,India,Maharashtra,Hiro,Olga,Claire Denis,4.2,115795,53623,1 year
U712360,SER00007,Horror,Crimson Empire,2022-07-16,35,Wednesday,German,Brazil,New York,Sven,Anna,Hayao Miyazaki,4.3,168296,143817,1 month
U871903,SER00082,Romance,City Limits,2024-05-02,64,Tuesday,Portuguese,Canada,Ontario,Arjun,Sofia,Greta Gerwig,7.4,484944,212402,1 month
U980620,SER00004,Drama,Forbidden Hours,2023-01-01,77,Thursday,Portuguese,Japan,Tokyo,Lucas,Yuki,Anurag Kashyap,5.3,416405,311954,1 year
U361326,SER00025,Drama,Infinite Maze,2022-03-31,63,Friday,Portuguese,Brazil,New York,Pierre,Yuki,Martin Scorsese,3.3,26925,12542,1 year
U514490,SER00085,Sci-Fi,Golden Path,2024-02-28,82,Tuesday,English,USA,California,Arjun,Yuki,Pedro Almodóvar,8.6,46441,18952,1 month
U620446,SER00025,Sci-Fi,City Limits,2022-12-15,65,Tuesday,Spanish,Brazil,New York,David,Julia,Anurag Kashyap,6.4,189881,130681,1 year
U213670,SER00006,Drama,Echoes,2022-07-01,53,Monday,French,USA,California,Arjun,Sofia,Raj Kapoor,8.5,298789,208754,1 year
U896476,SER00071,Fantasy,Splendid Lies,2022-04-03,75,Friday,Portuguese,Canada,Ontario,David,Yuki,Anurag Kashyap,8.7,367167,207072,1 year
U488559,SER00042,Action,Faded Star,2023-05-16,39,Wednesday,German,Germany,Berlin,Arjun,Olga,Martin Scorsese,2.4,163911,108122,1 month
U518801,SER00079,Action,Forbidden Hours,2023-08-29,50,Sunday,Korean,Brazil,New York,Alexei,Emma,Anurag Kashyap,3.4,209038,130726,1 year
U150007,SER00080,Horror,Eternal Night,2024-01-20,64,Tuesday,French,Russia,Moscow,Carlos,Olga,Greta Gerwig,9.3,448305,280340,1 month
U661969,SER00027,Mystery,Eternal Night,2024-09-18,24,Wednesday,Spanish,Russia,Moscow,Alexei,Olga,Kathryn Bigelow,9.4,371952,280751,1 month
U704480,SER00088,Horror,True North,2024-08-23,41,Wednesday,Japanese,USA,California,Sven,Aisha,Kathryn Bigelow,9.1,183573,103697,1 year
U101687,SER00043,Documentary,Neon Skies,2023-08-02,59,Saturday,French,Spain,Madrid,Lucas,Elena,Hayao Miyazaki,5.2,38834,16303,1 year
U994780,SER00065,Documentary,Silent Streets,2022-11-28,36,Sunday,Portuguese,UK,Texas,Pierre,Marie,Anurag Kashyap,3.3,400828,270712,1 month
U909285,SER00002,Documentary,City Limits,2022-08-12,50,Wednesday,Hindi,France,Ile-de-France,Sven,Anna,Wong Kar-wai,4.1,3145,1423,1 year
U305828,SER00003,Drama,True North,2023-04-22,62,Thursday,Hindi,Canada,Ontario,Arjun,Aisha,Steven Spielberg,5.4,246083,179885,1 month
U366461,SER00007,Sci-Fi,Crimson Empire,2023-03-10,72,Monday,Korean,India,Maharashtra,Arjun,Emma,Greta Gerwig,3.8,263899,220850,1 year
U674041,SER00058,Fantasy,Splendid Lies,2022-07-24,65,Sunday,Russian,Germany,Berlin,Alexei,Emma,Steven Spielberg,7.7,492252,238334,1 month
U249084,SER00083,Fantasy,Crimson Empire,2022-10-02,42,Saturday,Russian,Spain,Madrid,Pierre,Olga,Claire Denis,2.7,174861,169824,1 year
U802866,SER00098,Documentary,Forbidden Hours,2024-01-28,80,Wednesday,Mandarin,Russia,Moscow,Pierre,Marta,Kathryn Bigelow,6.9,46179,22753,1 year
U806954,SER00010,Drama,Last Stand,2022-03-19,73,Tuesday,German,USA,California,Hiro,Elena,Kathryn Bigelow,8.6,295050,284920,1 month
U468339,SER00099,Fantasy,Infinite Maze,2023-07-04,28,Wednesday,Korean,Russia,Moscow,John,Marta,Wong Kar-wai,3.5,496567,328655,1 month
U885195,SER00004,Documentary,City Limits,2022-05-09,34,Thursday,Japanese,Brazil,New York,Alexei,Anna,Anurag Kashyap,3.4,237459,137163,1 year
U405502,SER00085,Thriller,Crimson Empire,2022-12-28,22,Thursday,French,India,Maharashtra,Arjun,Marta,Greta Gerwig,7.9,85971,69513,1 year
U650715,SER00051,Sci-Fi,Silent Streets,2022-07-04,38,Monday,English,Canada,Ontario,Pierre,Aisha,Hayao Miyazaki,7.4,49859,20139,1 month
U885395,SER00071,Fantasy,Vision Quest,2023-11-01,29,Friday,Spanish,UK,Texas,David,Olga,Raj Kapoor,7.4,21781,18321,1 month
U562548,SER00073,Drama,Echoes,2023-07-01,86,Thursday,English,USA,California,James,Emma,Hayao Miyazaki,8.2,441638,245462,1 month
U298038,SER00061,Action,Lost Spirits,2022-02-18,58,Friday,English,USA,California,Arjun,Elena,Kathryn Bigelow,6.7,67800,57694,1 month
U400887,SER00041,Fantasy,Splendid Lies,2024-09-12,25,Wednesday,Hindi,Russia,Moscow,Carlos,Julia,Kathryn Bigelow,2.2,97978,74673,1 year
U767350,SER00053,Horror,Silent Streets,2023-12-13,58,Monday,Portuguese,Russia,Moscow,Lucas,Emma,Martin Scorsese,7.5,157128,97331,1 month
U170231,SER00028,Action,Shadows Within,2022-03-13,62,Thursday,English,Germany,Berlin,Pierre,Marta,Kathryn Bigelow,7.6,52841,35830,1 year
U472701,SER00086,Comedy,Vision Quest,2022-12-07,87,Thursday,German,India,Maharashtra,Lucas,Sofia,Kathryn Bigelow,9.6,256607,137256,1 year
U377598,SER00076,Romance,Faded Star,2023-09-23,51,Thursday,Japanese,Brazil,New York,Sven,Aisha,Raj Kapoor,7.2,498621,439534,1 month
U593075,SER00043,Drama,Golden Path,2023-05-14,31,Sunday,Portuguese,India,Maharashtra,Lucas,Emma,Pedro Almodóvar,5.6,416584,215602,1 month
U846710,SER00044,Thriller,Secret Codes,2023-06-28,65,Saturday,Mandarin,Spain,Madrid,Carlos,Anna,Wong Kar-wai,8.0,146174,78615,1 year
U950992,SER00058,Action,Shadows Within,2022-10-08,75,Sunday,German,USA,California,Arjun,Emma,Raj Kapoor,3.0,70555,32316,1 year
U676912,SER00090,Horror,Shadows Within,2023-12-24,82,Thursday,English,France,Ile-de-France,Alexei,Marie,Hayao Miyazaki,8.5,312758,289380,1 month
U267033,SER00016,Documentary,Crimson Empire,2022-06-24,26,Friday,Japanese,Japan,Tokyo,Lucas,Marie,Pedro Almodóvar,7.3,437312,369974,1 month
U317498,SER00090,Thriller,Iron Will,2022-08-29,57,Wednesday,Spanish,France,Ile-de-France,James,Marie,Pedro Almodóvar,8.9,334273,314734,1 year
U798585,SER00055,Mystery,Faded Star,2023-01-24,71,Friday,French,Spain,Madrid,James,Julia,Greta Gerwig,8.7,437039,411134,1 month
U241677,SER00004,Horror,Last Stand,2023-08-11,44,Saturday,French,Brazil,New York,Lucas,Emma,Anurag Kashyap,3.4,452350,412417,1 year
U675657,SER00020,Sci-Fi,Iron Will,2024-09-18,71,Saturday,Portuguese,Spain,Madrid,Lucas,Elena,Hayao Miyazaki,5.6,318891,278793,1 year
U201978,SER00086,Action,Vision Quest,2024-01-31,23,Monday,Portuguese,Russia,Moscow,Alexei,Emma,Hayao Miyazaki,3.2,225798,141709,1 year
U207293,SER00031,Drama,Quantum Leap,2023-03-28,46,Friday,Mandarin,UK,Texas,Lucas,Emma,Hayao Miyazaki,5.8,207645,176517,1 year
U821461,SER00026,Romance,Echoes,2022-03-19,56,Tuesday,Russian,France,Ile-de-France,Carlos,Sofia,Wong Kar-wai,5.1,409445,312206,1 month
U662522,SER00055,Mystery,Silent Streets,2024-07-27,66,Saturday,German,Japan,Tokyo,Arjun,Marta,Greta Gerwig,9.0,65218,51051,1 month
U722299,SER00099,Sci-Fi,Iron Will,2024-04-24,32,Saturday,Spanish,Russia,Moscow,John,Sofia,Kathryn Bigelow,2.3,282955,222771,1 year
U817060,SER00021,Thriller,Silver Threads,2022-12-16,71,Tuesday,French,USA,California,Pierre,Aisha,Claire Denis,4.3,322523,216679,1 year
U521132,SER00062,Documentary,Vision Quest,2022-11-15,50,Monday,French,Germany,Berlin,Arjun,Marta,Wong Kar-wai,6.4,284135,173079,1 year
U760142,SER00008,Comedy,Faded Star,2023-05-10,30,Monday,Portuguese,Brazil,New York,Alexei,Aisha,Raj Kapoor,2.2,282247,198884,1 year
U512805,SER00094,Mystery,Silent Streets,2023-07-24,26,Friday,Japanese,Brazil,New York,Arjun,Yuki,Anurag Kashyap,5.1,383969,153950,1 year
U713547,SER00093,Romance,Secret Codes,2022-06-14,39,Tuesday,German,Canada,Ontario,Pierre,Sofia,Hayao Miyazaki,7.7,417696,229415,1 month
U643542,SER00096,Action,Broken Promise,2023-04-29,56,Sunday,French,Russia,Moscow,James,Elena,Hayao Miyazaki,2.4,188816,166281,1 month
U289508,SER00064,Romance,Quantum Leap,2023-07-04,85,Friday,Japanese,Germany,Berlin,Lucas,Julia,Kathryn Bigelow,4.9,311878,232597,1 month
U937661,SER00023,Drama,Hidden Heirs,2024-02-02,75,Tuesday,English,Japan,Tokyo,Lucas,Olga,Kathryn Bigelow,7.1,18220,8758,1 month
U529495,SER00087,Horror,Lost Spirits,2022-03-14,58,Wednesday,Hindi,Russia,Moscow,Arjun,Anna,Martin Scorsese,6.0,167069,102701,1 month
U833075,SER00100,Fantasy,Quantum Leap,2022-09-01,83,Monday,English,India,Maharashtra,James,Marta,Hayao Miyazaki,6.8,377645,245412,1 month
U824426,SER00002,Romance,Quantum Leap,2022-09-15,64,Sunday,Portuguese,Brazil,New York,Pierre,Aisha,Claire Denis,5.3,451842,353091,1 year
U433405,SER00086,Horror,Iron Will,2022-05-04,44,Thursday,Hindi,Brazil,New York,Sven,Marta,Anurag Kashyap,7.9,345831,194142,1 month
U282527,SER00048,Comedy,Silent Streets,2023-11-28,49,Friday,Portuguese,France,Ile-de-France,Arjun,Marta,Anurag Kashyap,8.9,214500,204895,1 year
U826596,SER00003,Comedy,Iron Will,2022-11-23,30,Thursday,Portuguese,Brazil,New York,Lucas,Anna,Raj Kapoor,3.8,463622,321333,1 month
U843981,SER00068,Fantasy,Shadows Within,2022-10-09,52,Monday,Korean,Canada,Ontario,Sven,Elena,Pedro Almodóvar,2.6,64010,49793,1 year
U688661,SER00067,Horror,Silent Streets,2023-02-08,47,Monday,English,Russia,Moscow,John,Sofia,Claire Denis,8.6,382155,308180,1 year
U489221,SER00050,Sci-Fi,Prime Suspect,2023-07-07,57,Friday,Spanish,Germany,Berlin,Sven,Olga,Hayao Miyazaki,8.8,88730,73919,1 month
U215044,SER00033,Fantasy,Hidden Heirs,2022-09-17,44,Wednesday,Spanish,USA,California,Carlos,Aisha,Claire Denis,4.0,45686,27354,1 year
U871239,SER00074,Mystery,Quantum Leap,2024-06-07,73,Thursday,Japanese,India,Maharashtra,Alexei,Sofia,Steven Spielberg,7.6,266590,246227,1 year
U272391,SER00015,Documentary,Shadows Within,2022-08-06,54,Tuesday,German,USA,California,David,Anna,Anurag Kashyap,8.6,292954,224998,1 year
U609711,SER00006,Romance,Lost Spirits,2023-08-10,74,Saturday,Spanish,India,Maharashtra,Alexei,Yuki,Kathryn Bigelow,6.1,268631,179164,1 month
U428782,SER00053,Action,Neon Skies,2022-03-14,62,Friday,English,UK,Texas,Hiro,Sofia,Claire Denis,3.8,487461,339249,1 year
U112999,SER00009,Comedy,Lost Spirits,2024-09-10,88,Saturday,German,Russia,Moscow,Arjun,Yuki,Raj Kapoor,5.8,288935,153933,1 year
U424095,SER00002,Comedy,Eternal Night,2022-03-26,30,Monday,Hindi,USA,California,Pierre,Olga,Hayao Miyazaki,5.5,316103,127923,1 year
U845042,SER00030,Horror,Shadows Within,2024-05-26,47,Thursday,Korean,Canada,Ontario,James,Elena,Kathryn Bigelow,8.2,392672,214198,1 year
U294311,SER00030,Comedy,True North,2022-01-24,42,Monday,Korean,Brazil,New York,Pierre,Julia,Kathryn Bigelow,7.1,176860,93019,1 month
U606240,SER00070,Action,Echoes,2022-07-16,30,Monday,Mandarin,Germany,Berlin,Hiro,Emma,Greta Gerwig,5.6,443697,363657,1 year
U602376,SER00044,Drama,Silent Streets,2024-05-23,27,Friday,Korean,India,Maharashtra,Pierre,Aisha,Claire Denis,4.9,182983,139322,1 year
U209347,SER00037,Comedy,Hidden Heirs,2024-07-15,78,Tuesday,Korean,Spain,Madrid,Lucas,Emma,Claire Denis,6.7,4560,2399,1 year
U303260,SER00050,Fantasy,Silent Streets,2022-10-23,57,Sunday,German,India,Maharashtra,Sven,Elena,Greta Gerwig,8.0,279988,261176,1 month
U947095,SER00019,Romance,Last Stand,2022-10-07,26,Friday,Mandarin,Spain,Madrid,James,Julia,Pedro Almodóvar,9.5,24985,21006,1 year
U549949,SER00092,Action,Last Stand,2023-03-15,88,Thursday,Mandarin,Spain,Madrid,Lucas,Sofia,Raj Kapoor,5.2,136008,119501,1 month
U952140,SER00007,Mystery,Golden Path,2023-04-14,90,Saturday,Russian,USA,California,Lucas,Emma,Claire Denis,8.2,272168,188817,1 month
U737591,SER00021,Thriller,City Limits,2022-04-03,67,Saturday,Japanese,Brazil,New York,Pierre,Elena,Martin Scorsese,6.4,184843,134825,1 month
U957642,SER00079,Sci-Fi,City Limits,2022-01-05,81,Wednesday,German,Spain,Madrid,Alexei,Olga,Martin Scorsese,5.5,255719,133550,1 year
U116144,SER00056,Romance,Prime Suspect,2022-06-23,71,Tuesday,Korean,Japan,Tokyo,Carlos,Marta,Greta Gerwig,5.1,201834,142321,1 month
U633862,SER00085,Action,Quantum Leap,2023-06-22,27,Saturday,Hindi,India,Maharashtra,Sven,Marta,Steven Spielberg,6.3,31745,22446,1 month
U715041,SER00034,Thriller,Echoes,2023-11-17,71,Sunday,Spanish,Canada,Ontario,Sven,Marta,Steven Spielberg,9.1,18269,16834,1 month
U601363,SER00055,Fantasy,Faded Star,2023-07-24,27,Wednesday,Hindi,Russia,Moscow,Sven,Marta,Steven Spielberg,6.6,199303,92082,1 month
U775857,SER00074,Sci-Fi,Silent Streets,2023-09-07,83,Friday,Russian,Spain,Madrid,Sven,Yuki,Claire Denis,4.5,4840,2879,1 year
U471162,SER00058,Fantasy,Lost Spirits,2024-04-20,56,Monday,Russian,USA,California,David,Yuki,Greta Gerwig,4.8,252715,181039,1 year
U746064,SER00030,Fantasy,Lost Spirits,2023-10-18,74,Thursday,Russian,USA,California,James,Elena,Hayao Miyazaki,8.5,388767,219391,1 year
U658798,SER00091,Horror,Prime Suspect,2024-03-05,73,Saturday,Hindi,Spain,Madrid,Sven,Marta,Wong Kar-wai,5.8,168907,163520,1 month
U426357,SER00093,Horror,Iron Will,2022-06-29,88,Monday,Mandarin,Japan,Tokyo,Sven,Elena,Raj Kapoor,6.8,160747,148178,1 month
U862657,SER00016,Documentary,True North,2024-05-31,51,Friday,Russian,Spain,Madrid,Sven,Anna,Martin Scorsese,2.9,344380,313377,1 month
U361150,SER00041,Horror,Silver Threads,2024-03-24,25,Friday,Mandarin,Japan,Tokyo,Arjun,Yuki,Wong Kar-wai,8.7,131810,98134,1 month
U484448,SER00019,Comedy,Crimson Empire,2022-09-06,72,Sunday,Portuguese,France,Ile-de-France,Carlos,Marta,Raj Kapoor,2.0,24057,13382,1 year
U714226,SER00047,Fantasy,Vision Quest,2022-06-29,75,Wednesday,Portuguese,UK,Texas,Pierre,Marie,Anurag Kashyap,8.6,488349,349335,1 year
U968324,SER00097,Fantasy,Faded Star,2024-07-31,88,Wednesday,Spanish,USA,California,Alexei,Marta,Greta Gerwig,3.8,12060,8986,1 year
U813358,SER00080,Thriller,Silent Streets,2023-10-23,80,Saturday,English,Canada,Ontario,Pierre,Anna,Raj Kapoor,6.4,5114,2166,1 month
U997186,SER00015,Sci-Fi,Lost Spirits,2022-01-14,79,Monday,English,Russia,Moscow,Hiro,Emma,Greta Gerwig,6.2,251011,212953,1 year
U496292,SER00096,Drama,City Limits,2024-01-29,72,Wednesday,German,Russia,Moscow,Sven,Anna,Pedro Almodóvar,8.7,266841,151067,1 year
U857345,SER00053,Drama,Forbidden Hours,2024-06-28,44,Tuesday,German,India,Maharashtra,David,Julia,Claire Denis,9.0,387931,358168,1 year
U738384,SER00095,Sci-Fi,Shadows Within,2024-01-21,90,Wednesday,Portuguese,Japan,Tokyo,Pierre,Julia,Pedro Almodóvar,8.6,464889,191480,1 year
U989429,SER00021,Thriller,Silent Streets,2023-07-17,69,Monday,Portuguese,Canada,Ontario,Lucas,Yuki,Wong Kar-wai,2.9,413687,308093,1 month
U361124,SER00012,Drama,Shadows Within,2022-10-25,70,Saturday,Japanese,Brazil,New York,John,Olga,Claire Denis,8.0,353879,314784,1 month
U600657,SER00081,Thriller,Prime Suspect,2022-01-04,57,Wednesday,Japanese,USA,California,Lucas,Elena,Steven Spielberg,6.3,335175,297665,1 year
U299885,SER00066,Thriller,Shadows Within,2023-10-31,47,Monday,Korean,Russia,Moscow,Alexei,Marie,Steven Spielberg,5.5,435063,195347,1 year
U587242,SER00097,Thriller,Faded Star,2024-06-16,82,Friday,English,Japan,Tokyo,Carlos,Yuki,Hayao Miyazaki,4.5,54391,22829,1 month
U869088,SER00009,Fantasy,Crimson Empire,2022-05-29,25,Wednesday,Spanish,Russia,Moscow,David,Elena,Kathryn Bigelow,6.2,482933,461819,1 month
U747135,SER00025,Fantasy,Iron Will,2023-07-08,24,Wednesday,Hindi,Spain,Madrid,Alexei,Marie,Claire Denis,7.5,359573,303122,1 year
U218871,SER00006,Action,Iron Will,2023-02-28,40,Saturday,Japanese,USA,California,Pierre,Anna,Kathryn Bigelow,4.0,142459,89474,1 month
U860600,SER00029,Sci-Fi,Prime Suspect,2023-04-21,66,Friday,Japanese,Russia,Moscow,Carlos,Olga,Steven Spielberg,9.3,101411,56052,1 year
U189290,SER00099,Fantasy,Quantum Leap,2023-09-22,47,Thursday,Korean,Brazil,New York,Hiro,Aisha,Martin Scorsese,8.4,96556,62649,1 month
U117144,SER00064,Horror,Silver Threads,2024-05-10,58,Tuesday,German,Russia,Moscow,Alexei,Aisha,Greta Gerwig,5.4,240774,210512,1 month
U173732,SER00073,Mystery,Lost Spirits,2023-06-26,46,Wednesday,German,USA,California,David,Marta,Claire Denis,8.8,60055,51677,1 month
U522324,SER00037,Romance,True North,2022-01-15,87,Saturday,Spanish,Spain,Madrid,James,Elena,Anurag Kashyap,9.5,87252,81687,1 year
U714593,SER00055,Mystery,City Limits,2022-09-26,77,Saturday,Portuguese,Canada,Ontario,Lucas,Elena,Greta Gerwig,2.6,25375,15427,1 year
U452432,SER00075,Horror,Shadows Within,2024-07-22,27,Saturday,French,Germany,Berlin,James,Sofia,Martin Scorsese,3.9,40545,33812,1 month
U292455,SER00095,Sci-Fi,Silver Threads,2023-02-09,34,Friday,Portuguese,Russia,Moscow,James,Julia,Raj Kapoor,4.6,286908,188442,1 year
U920038,SER00099,Romance,Eternal Night,2023-12-02,37,Tuesday,French,Germany,Berlin,John,Marie,Claire Denis,7.3,441238,192508,1 month
U692135,SER00072,Mystery,Broken Promise,2022-06-10,31,Friday,French,USA,California,James,Aisha,Anurag Kashyap,8.0,258661,148583,1 year
U999774,SER00034,Fantasy,Echoes,2023-10-24,35,Saturday,Mandarin,France,Ile-de-France,Sven,Elena,Raj Kapoor,6.3,14921,14106,1 year
U269397,SER00078,Action,Last Stand,2023-05-12,52,Friday,Japanese,Spain,Madrid,David,Anna,Pedro Almodóvar,5.6,110232,81236,1 month
U850345,SER00029,Action,City Limits,2024-07-18,28,Thursday,Hindi,Brazil,New York,Alexei,Marie,Kathryn Bigelow,6.3,18855,17714,1 month
U940643,SER00015,Horror,Forbidden Hours,2022-02-07,36,Thursday,Portuguese,Canada,Ontario,Lucas,Sofia,Martin Scorsese,3.9,485720,227901,1 month
U990001,SER00098,Comedy,Hidden Heirs,2023-07-05,70,Wednesday,German,Russia,Moscow,John,Anna,Martin Scorsese,6.3,331583,167114,1 month
U552258,SER00079,Thriller,Infinite Maze,2022-12-10,79,Thursday,Russian,Brazil,New York,James,Yuki,Greta Gerwig,2.2,90329,73767,1 month
U975905,SER00065,Thriller,City Limits,2022-10-06,59,Monday,Hindi,Germany,Berlin,David,Aisha,Anurag Kashyap,4.8,430304,194475,1 month
U211637,SER00035,Thriller,Winds of Change,2024-05-30,28,Monday,German,Brazil,New York,Carlos,Olga,Pedro Almodóvar,2.1,232799,123773,1 year
U907342,SER00038,Drama,Broken Promise,2022-11-26,74,Monday,Japanese,France,Ile-de-France,Sven,Julia,Kathryn Bigelow,8.5,136685,121026,1 month
